dates,company,rolling_total_layoffs
2020-03,AdRoll,9628
2020-03,Amplero,9628
2020-03,AngelList,9628
2020-03,B8ta,9628
2020-03,Bench,9628
2020-03,Bevi,9628
2020-03,Bird,9628
2020-03,Blueground,9628
2020-03,"Blume Global",9628
2020-03,Bounce,9628
2020-03,Cabin,9628
2020-03,Caliva,9628
2020-03,Catalant,9628
2020-03,Clutter,9628
2020-03,Compass,9628
2020-03,Consider.co,9628
2020-03,Convene,9628
2020-03,CTO.ai,9628
2020-03,DataRobot,9628
2020-03,DialSource,9628
2020-03,DISCO,9628
2020-03,"Divvy Homes",9628
2020-03,Domio,9628
2020-03,Drip,9628
2020-03,EasyPost,9628
2020-03,Ecobee,9628
2020-03,"Eight Sleep",9628
2020-03,Ejento,9628
2020-03,"Element Analytics",9628
2020-03,Everlane,9628
2020-03,FabHotels,9628
2020-03,Fareportal,9628
2020-03,Flowr,9628
2020-03,Flytedesk,9628
2020-03,"Flywheel Sports",9628
2020-03,Foodsby,9628
2020-03,Getaround,9628
2020-03,GoSpotCheck,9628
2020-03,GrayMeta,9628
2020-03,Help.com,9628
2020-03,Hibob,9628
2020-03,HOOQ,9628
2020-03,HopSkipDrive,9628
2020-03,Inspirato,9628
2020-03,"Iris Nova",9628
2020-03,Jama,9628
2020-03,Kazoo,9628
2020-03,KeepTruckin,9628
2020-03,Knotel,9628
2020-03,"Ladder Life",9628
2020-03,Leafly,9628
2020-03,Loft,9628
2020-03,Loftsmart,9628
2020-03,Lola,9628
2020-03,Lyric,9628
2020-03,Maven,9628
2020-03,Mogo,9628
2020-03,Nativo,9628
2020-03,"O'Reilly Media",9628
2020-03,"Oh My Green",9628
2020-03,OneWeb,9628
2020-03,Opal,9628
2020-03,OutboundEngine,9628
2020-03,Overtime,9628
2020-03,"Panda Squad",9628
2020-03,Passport,9628
2020-03,Peek,9628
2020-03,Peerfit,9628
2020-03,Peerspace,9628
2020-03,PeerStreet,9628
2020-03,Polarr,9628
2020-03,Popin,9628
2020-03,Puppet,9628
2020-03,Raken,9628
2020-03,Rangle,9628
2020-03,"Remote Year",9628
2020-03,Restaurant365,9628
2020-03,RigUp,9628
2020-03,Rover,9628
2020-03,Service,9628
2020-03,Siteimprove,9628
2020-03,SkySlope,9628
2020-03,Sonder,9628
2020-03,"Starship Technologies",9628
2020-03,Takl,9628
2020-03,"Tamara Mellon",9628
2020-03,Textio,9628
2020-03,"The Guild",9628
2020-03,ThirdLove,9628
2020-03,Thumbtack,9628
2020-03,TravelBank,9628
2020-03,TravelTriangle,9628
2020-03,TripActions,9628
2020-03,Triplebyte,9628
2020-03,Turo,9628
2020-03,uShip,9628
2020-03,WanderJaunt,9628
2020-03,WeWork,9628
2020-03,Wonderschool,9628
2020-03,Yonder,9628
2020-03,Zenoti,9628
2020-03,"Zeus Living",9628
2020-03,Zipcar,9628
2020-03,ZipRecruiter,9628
2020-04,1stdibs,36338
2020-04,Acko,36338
2020-04,"Ada Support",36338
2020-04,"Airy Rooms",36338
2020-04,Akulaku,36338
2020-04,Anagram,36338
2020-04,"App Annie",36338
2020-04,"Aqua Security",36338
2020-04,"Arrive Logistics",36338
2020-04,Astra,36338
2020-04,"Atlanta Tech Village",36338
2020-04,Atsu,36338
2020-04,"Automation Anywhere",36338
2020-04,"Avantage Entertainment",36338
2020-04,Away,36338
2020-04,BeeTech,36338
2020-04,BitGo,36338
2020-04,BlackBuck,36338
2020-04,Booksy,36338
2020-04,Borrowell,36338
2020-04,BounceX,36338
2020-04,"Branch Metrics",36338
2020-04,Bringg,36338
2020-04,"Built In",36338
2020-04,Bullhorn,36338
2020-04,BusBud,36338
2020-04,"Bustle Digital Group",36338
2020-04,Button,36338
2020-04,BVAccel,36338
2020-04,"C6 Bank",36338
2020-04,Care.com,36338
2020-04,CarGurus,36338
2020-04,Carta,36338
2020-04,Casper,36338
2020-04,ClassPass,36338
2020-04,Clearbanc,36338
2020-04,CleverTap,36338
2020-04,Clinc,36338
2020-04,Code42,36338
2020-04,"Coding Dojo",36338
2020-04,Cogito,36338
2020-04,Connected,36338
2020-04,ConsenSys,36338
2020-04,ContaAzul,36338
2020-04,Convoy,36338
2020-04,Copper,36338
2020-04,Crayon,36338
2020-04,Creditas,36338
2020-04,D2iQ,36338
2020-04,DataStax,36338
2020-04,Deliveroo,36338
2020-04,Dispatch,36338
2020-04,"Divergent 3D",36338
2020-04,Domo,36338
2020-04,DSCO,36338
2020-04,"Dude Solutions",36338
2020-04,"Dynamic Signal",36338
2020-04,Earnin,36338
2020-04,EasyPost,36338
2020-04,"Eden / Managed By Q",36338
2020-04,eGym,36338
2020-04,Elliptic,36338
2020-04,Envoy,36338
2020-04,Eventbrite,36338
2020-04,ezCater,36338
2020-04,Fandom,36338
2020-04,FiscalNote,36338
2020-04,Flymya,36338
2020-04,Forward,36338
2020-04,Freshbooks,36338
2020-04,Frontdesk,36338
2020-04,"Funding Societies",36338
2020-04,"G/O Media Group",36338
2020-04,Geekwire,36338
2020-04,GetNinjas,36338
2020-04,GoPro,36338
2020-04,"Greenhouse Software",36338
2020-04,"Group Nine Media",36338
2020-04,Groupon,36338
2020-04,GumGum,36338
2020-04,Gympass,36338
2020-04,Highsnobiety,36338
2020-04,Hipcamp,36338
2020-04,"Horizn Studios",36338
2020-04,Houzz,36338
2020-04,Humu,36338
2020-04,Ibotta,36338
2020-04,Iflix,36338
2020-04,Ike,36338
2020-04,"Incredible Health",36338
2020-04,Industrious,36338
2020-04,Instamojo,36338
2020-04,JetClosing,36338
2020-04,Jetty,36338
2020-04,Jiobit,36338
2020-04,Jobcase,36338
2020-04,Katerra,36338
2020-04,"Kayak / OpenTable",36338
2020-04,Kenoby,36338
2020-04,Kitopi,36338
2020-04,Klook,36338
2020-04,"Kodiak Robotics",36338
2020-04,"Komodo Health",36338
2020-04,Kueski,36338
2020-04,Labster,36338
2020-04,"Lambda School",36338
2020-04,Latch,36338
2020-04,"Le Tote",36338
2020-04,"Lending Club",36338
2020-04,Lever,36338
2020-04,"Lighter Capital",36338
2020-04,"Lighthouse Labs",36338
2020-04,Lime,36338
2020-04,Loft,36338
2020-04,LoopMe,36338
2020-04,Lyft,36338
2020-04,"Magic Leap",36338
2020-04,Matterport,36338
2020-04,MaxMilhas,36338
2020-04,MediaMath,36338
2020-04,Meesho,36338
2020-04,Mejuri,36338
2020-04,"Meow Wolf",36338
2020-04,Metromile,36338
2020-04,Migo,36338
2020-04,MindBody,36338
2020-04,Minted,36338
2020-04,Monzo,36338
2020-04,Moovel,36338
2020-04,"Motif Investing",36338
2020-04,Movidesk,36338
2020-04,Nav,36338
2020-04,Nearmap,36338
2020-04,Neon,36338
2020-04,"Newfront Insurance",36338
2020-04,NuoDB,36338
2020-04,Omie,36338
2020-04,OneTrust,36338
2020-04,Opencare,36338
2020-04,Opendoor,36338
2020-04,OpenX,36338
2020-04,"Oscar Health",36338
2020-04,OYO,36338
2020-04,Pana,36338
2020-04,Parsable,36338
2020-04,PatientPop,36338
2020-04,Patreon,36338
2020-04,Payfactors,36338
2020-04,PayJoy,36338
2020-04,Paytm,36338
2020-04,Pebblepost,36338
2020-04,People.ai,36338
2020-04,PerkSpot,36338
2020-04,PicoBrew,36338
2020-04,"Politico / Protocol",36338
2020-04,Purse,36338
2020-04,Quantcast,36338
2020-04,QuintoAndar,36338
2020-04,Qwick,36338
2020-04,RealSelf,36338
2020-04,RedDoorz,36338
2020-04,Redfin,36338
2020-04,Renmoney,36338
2020-04,Rhumbix,36338
2020-04,Ritual,36338
2020-04,"Rock Content",36338
2020-04,"Sage Therapeutics",36338
2020-04,Salsify,36338
2020-04,"Sauce Labs",36338
2020-04,Scoop,36338
2020-04,Sensibill,36338
2020-04,Shipsi,36338
2020-04,Shop101,36338
2020-04,Showpad,36338
2020-04,Shuttl,36338
2020-04,"Simon Data",36338
2020-04,Sisense,36338
2020-04,Skillz,36338
2020-04,Sojern,36338
2020-04,Spyce,36338
2020-04,StockX,36338
2020-04,Stoqo,36338
2020-04,Submittable,36338
2020-04,SweetEscape,36338
2020-04,Sweetgreen,36338
2020-04,Swiggy,36338
2020-04,Synergysuite,36338
2020-04,"The Modist",36338
2020-04,"The Predictive Index",36338
2020-04,"The RealReal",36338
2020-04,"The Wing",36338
2020-04,ThirdLove,36338
2020-04,Toast,36338
2020-04,Tor,36338
2020-04,TouchBistro,36338
2020-04,Transfix,36338
2020-04,Traveloka,36338
2020-04,TripAdvisor,36338
2020-04,Tripbam,36338
2020-04,TripleLift,36338
2020-04,"Trove Recommerce",36338
2020-04,"Tulip Retail",36338
2020-04,TutorMundi,36338
2020-04,Unbabel,36338
2020-04,Unison,36338
2020-04,UPshow,36338
2020-04,Usermind,36338
2020-04,"Velodyne Lidar",36338
2020-04,VideoAmp,36338
2020-04,"Virta Health",36338
2020-04,Voi,36338
2020-04,VSCO,36338
2020-04,"Welkin Health",36338
2020-04,WeWork,36338
2020-04,"When I Work",36338
2020-04,WhyHotel,36338
2020-04,Wonolo,36338
2020-04,Wordstream,36338
2020-04,Xerpa,36338
2020-04,Yelp,36338
2020-04,Zenefits,36338
2020-04,Zilingo,36338
2020-04,Zola,36338
2020-04,Zoox,36338
2020-04,Zum,36338
2020-04,Zume,36338
2020-05,Acorns,62142
2020-05,Agoda,62142
2020-05,Airbnb,62142
2020-05,"Airy Rooms",62142
2020-05,Andela,62142
2020-05,Automatic,62142
2020-05,Bluprint,62142
2020-05,BookMyShow,62142
2020-05,Brex,62142
2020-05,Cadre,62142
2020-05,CarDekho,62142
2020-05,Careem,62142
2020-05,"Castlight Health",62142
2020-05,Cruise,62142
2020-05,"Culture Amp",62142
2020-05,"Culture Trip",62142
2020-05,CureFit,62142
2020-05,Cvent,62142
2020-05,Datera,62142
2020-05,Deliv,62142
2020-05,Deputy,62142
2020-05,Dotscience,62142
2020-05,Ebanx,62142
2020-05,"Element AI",62142
2020-05,"Flatiron School",62142
2020-05,Flywire,62142
2020-05,Glassdoor,62142
2020-05,Glitch,62142
2020-05,Hireology,62142
2020-05,Instructure,62142
2020-05,Intapp,62142
2020-05,"Integral Ad Science",62142
2020-05,Intercom,62142
2020-05,Intersect,62142
2020-05,Jump,62142
2020-05,Juul,62142
2020-05,Kickstarter,62142
2020-05,Lattice,62142
2020-05,Lendingkart,62142
2020-05,LiveTiles,62142
2020-05,Livspace,62142
2020-05,Loftium,62142
2020-05,Loopio,62142
2020-05,Magicbricks,62142
2020-05,Masse,62142
2020-05,Mercos,62142
2020-05,Mixpanel,62142
2020-05,"Mode Analytics",62142
2020-05,Monese,62142
2020-05,N26,62142
2020-05,Namely,62142
2020-05,Numbrs,62142
2020-05,Ola,62142
2020-05,OPay,62142
2020-05,Oriente,62142
2020-05,OYO,62142
2020-05,PickYourTrail,62142
2020-05,Pipedrive,62142
2020-05,Pollen,62142
2020-05,Quartz,62142
2020-05,Revolut,62142
2020-05,Ridecell,62142
2020-05,"Rubicon Project",62142
2020-05,Rubrik,62142
2020-05,SalesLoft,62142
2020-05,Samsara,62142
2020-05,"Sandbox VR",62142
2020-05,Segment,62142
2020-05,ShareChat,62142
2020-05,SoFi,62142
2020-05,"Stack Overflow",62142
2020-05,"Stay Alfred",62142
2020-05,Stone,62142
2020-05,StubHub,62142
2020-05,Swiggy,62142
2020-05,Tally,62142
2020-05,Teamwork,62142
2020-05,"The Sill",62142
2020-05,TheSkimm,62142
2020-05,"Top Hat",62142
2020-05,Trax,62142
2020-05,TrueCar,62142
2020-05,Uber,62142
2020-05,Validity,62142
2020-05,Veem,62142
2020-05,Veriff,62142
2020-05,Virtudent,62142
2020-05,WeFit,62142
2020-05,WeWork,62142
2020-05,Workable,62142
2020-05,"Zeus Living",62142
2020-05,Zomato,62142
2020-05,Zymergen,62142
2020-06,"Argo AI",69769
2020-06,"Atlas Obscura",69769
2020-06,"Bossa Nova",69769
2020-06,Bounce,69769
2020-06,Branch,69769
2020-06,Builder,69769
2020-06,Circ,69769
2020-06,Conga,69769
2020-06,"Credit Sesame",69769
2020-06,CrowdStreet,69769
2020-06,Dark,69769
2020-06,"Descartes Labs",69769
2020-06,"Engine eCommerce",69769
2020-06,"Ethos Life",69769
2020-06,Fundbox,69769
2020-06,G2,69769
2020-06,GoDaddy,69769
2020-06,Gojek,69769
2020-06,Grab,69769
2020-06,"Her Campus Media",69769
2020-06,Integrate.ai,69769
2020-06,Intuit,69769
2020-06,Katerra,69769
2020-06,"Kitty Hawk",69769
2020-06,Lastline,69769
2020-06,MakeMyTrip,69769
2020-06,MakerBot,69769
2020-06,Monzo,69769
2020-06,Navi,69769
2020-06,"New Relic",69769
2020-06,PaisaBazaar,69769
2020-06,Redox,69769
2020-06,Rivian,69769
2020-06,ScaleFactor,69769
2020-06,ScaleFocus,69769
2020-06,Sonos,69769
2020-06,Splunk,69769
2020-06,SpotHero,69769
2020-06,"Stitch Fix",69769
2020-06,"Stockwell AI",69769
2020-06,SynapseFI,69769
2020-06,"The Athletic",69769
2020-06,Uber,69769
2020-06,WeWork,69769
2020-07,Bizongo,76881
2020-07,Booking.com,76881
2020-07,"Buy.com / Rakuten",76881
2020-07,Checkr,76881
2020-07,Curefit,76881
2020-07,"Funding Circle",76881
2020-07,Havenly,76881
2020-07,Kongregate,76881
2020-07,"Lighter Capital",76881
2020-07,LinkedIn,76881
2020-07,Optimizely,76881
2020-07,PaySense,76881
2020-07,Procore,76881
2020-07,Sharethrough,76881
2020-07,Skyscanner,76881
2020-07,Sorabel,76881
2020-07,Swiggy,76881
2020-07,"The Wing",76881
2020-07,Yelp,76881
2020-07,Zeitgold,76881
2020-07,Zilingo,76881
2020-08,Docly,78850
2020-08,Eatsy,78850
2020-08,Glossier,78850
2020-08,"Lumina Networks",78850
2020-08,MakeMyTrip,78850
2020-08,Mozilla,78850
2020-08,Salesforce,78850
2020-08,Shopify,78850
2020-08,Superloop,78850
2020-08,Thriver,78850
2020-08,Vesta,78850
2020-09,Air,79459
2020-09,"Alto Pharmacy",79459
2020-09,Awok,79459
2020-09,"Big Fish Games",79459
2020-09,"Bleacher Report",79459
2020-09,GoBear,79459
2020-09,HubHaus,79459
2020-09,NS8,79459
2020-09,Ouster,79459
2020-09,Waze,79459
2020-10,CodeCombat,79909
2020-10,GetYourGuide,79909
2020-10,Knotel,79909
2020-10,"OLX India",79909
2020-10,Quibi,79909
2020-10,Remedy,79909
2020-11,Aya,80146
2020-11,"Bossa Nova",80146
2020-11,"Bridge Connector",80146
2020-11,Domio,80146
2020-11,LivePerson,80146
2020-11,Rubica,80146
2020-11,Tidepool,80146
2020-11,Worksmith,80146
2020-12,Actifio,80998
2020-12,Breather,80998
2020-12,OYO,80998
2020-12,"Pulse Secure",80998
2021-01,"Aura Financial",87811
2021-01,Bytedance,87811
2021-01,Dropbox,87811
2021-01,Instacart,87811
2021-01,Pocketmath,87811
2021-01,Postmates,87811
2021-01,Privitar,87811
2021-01,Shutterfly,87811
2021-01,Simple,87811
2021-01,"WhiteHat Jr",87811
2021-02,Bounce,88679
2021-02,Hubba,88679
2021-02,Indigo,88679
2021-02,Limelight,88679
2021-02,Ninjacart,88679
2021-02,Quandoo,88679
2021-02,ThredUp,88679
2021-03,HuffPo,88726
2021-04,"Lambda School",88987
2021-04,Madefire,88987
2021-04,"New Relic",88987
2021-04,Patreon,88987
2021-06,Katerra,91421
2021-07,Pagarbook,91501
2021-08,Bytedance,93368
2021-08,Flockjay,93368
2021-08,Tanium,93368
2021-09,Treehouse,93529
2021-09,Zymergen,93529
2021-10,InVision,93551
2021-10,"Ozy Media",93551
2021-11,BitTitan,95621
2021-11,Zillow,95621
2021-12,Better.com,96821
2021-12,"Delivery Hero",96821
2022-01,Glossier,97331
2022-01,Gopuff,97331
2022-01,"Root Insurance",97331
2022-01,Spin,97331
2022-02,"Daily Harvest",101016
2022-02,Homie,101016
2022-02,Hopin,101016
2022-02,Lido,101016
2022-02,"Liv Up",101016
2022-02,OKCredit,101016
2022-02,Peloton,101016
2022-02,Rhino,101016
2022-02,Trustly,101016
2022-02,"Virgin Hyperloop",101016
2022-03,"Adaptive Biotechnologies",106730
2022-03,Better.com,106730
2022-03,Curology,106730
2022-03,Furlenco,106730
2022-03,Gopuff,106730
2022-03,"Grove Collaborative",106730
2022-03,Hyperscience,106730
2022-03,Knock,106730
2022-03,Lightico,106730
2022-03,Rasa,106730
2022-03,Sea,106730
2022-03,Sezzle,106730
2022-03,Storytel,106730
2022-03,"Talis Biomedical",106730
2022-03,Thinkific,106730
2022-03,Trell,106730
2022-03,WeDoctor,106730
2022-03,Wish,106730
2022-04,Ahead,110858
2022-04,Automox,110858
2022-04,BitMEX,110858
2022-04,Blend,110858
2022-04,Bonsai,110858
2022-04,Clyde,110858
2022-04,Domestika,110858
2022-04,Facily,110858
2022-04,Fast,110858
2022-04,Food52,110858
2022-04,Goodfood,110858
2022-04,"Halcyon Health",110858
2022-04,Humble,110858
2022-04,Legible,110858
2022-04,Lemonade,110858
2022-04,Loft,110858
2022-04,Meesho,110858
2022-04,Netflix,110858
2022-04,Noom,110858
2022-04,QuintoAndar,110858
2022-04,"Rad Power Bikes",110858
2022-04,Robinhood,110858
2022-04,Sigfox,110858
2022-04,Unacademy,110858
2022-04,"Wahoo Fitness",110858
2022-04,Workrise,110858
2022-04,Xiaohongshu,110858
2022-05,Airlift,123743
2022-05,Airtime,123743
2022-05,"AliExpress Russia",123743
2022-05,Avo,123743
2022-05,BeyondMinds,123743
2022-05,Bitso,123743
2022-05,Bizpay,123743
2022-05,Bolt,123743
2022-05,BookClub,123743
2022-05,Buenbit,123743
2022-05,Cameo,123743
2022-05,Cars24,123743
2022-05,Carvana,123743
2022-05,ClickUp,123743
2022-05,Colossus,123743
2022-05,CommonBond,123743
2022-05,"Coterie Insurance",123743
2022-05,Daloopa,123743
2022-05,DataRobot,123743
2022-05,Dazn,123743
2022-05,divvyDOSE,123743
2022-05,Doma,123743
2022-05,Foodpanda,123743
2022-05,FrontRow,123743
2022-05,Getir,123743
2022-05,Getta,123743
2022-05,Gorillas,123743
2022-05,Ideoclick,123743
2022-05,Klarna,123743
2022-05,Kontist,123743
2022-05,Kry,123743
2022-05,Lacework,123743
2022-05,Latch,123743
2022-05,Mainstreet,123743
2022-05,Meero,123743
2022-05,MFine,123743
2022-05,"Mobile Premier League",123743
2022-05,Mural,123743
2022-05,Netflix,123743
2022-05,Nuri,123743
2022-05,"On Deck",123743
2022-05,Outside,123743
2022-05,PayPal,123743
2022-05,PeerStreet,123743
2022-05,Picsart,123743
2022-05,Playtika,123743
2022-05,Pollen,123743
2022-05,Reef,123743
2022-05,Replicated,123743
2022-05,Section4,123743
2022-05,SEND,123743
2022-05,Skillz,123743
2022-05,Subspace,123743
2022-05,SumUp,123743
2022-05,SWVL,123743
2022-05,"The Zebra",123743
2022-05,"Thirty Madison",123743
2022-05,Tomo,123743
2022-05,Uncapped,123743
2022-05,Vedantu,123743
2022-05,Vise,123743
2022-05,Vroom,123743
2022-05,VTEX,123743
2022-05,Zak,123743
2022-05,Zapp,123743
2022-05,Zenius,123743
2022-05,Zwift,123743
2022-06,2TM,141137
2022-06,"5B Solar",141137
2022-06,Abra,141137
2022-06,Afterverse,141137
2022-06,Airtame,141137
2022-06,Albert,141137
2022-06,Amount,141137
2022-06,AppLovin,141137
2022-06,Aqgromalin,141137
2022-06,Aura,141137
2022-06,AvantStay,141137
2022-06,Balto,141137
2022-06,Banxa,141137
2022-06,Baton,141137
2022-06,"Berlin Brands Group",141137
2022-06,Bestow,141137
2022-06,Bird,141137
2022-06,BitOasis,141137
2022-06,Bitpanda,141137
2022-06,BlockFi,141137
2022-06,Bonsai,141137
2022-06,Boozt,141137
2022-06,Breathe,141137
2022-06,"Bright Machines",141137
2022-06,Brighte,141137
2022-06,Bungalow,141137
2022-06,Buzzer,141137
2022-06,Bybit,141137
2022-06,Bytedance,141137
2022-06,"Carbon Health",141137
2022-06,Cazoo,141137
2022-06,"Circulo Health",141137
2022-06,CityMall,141137
2022-06,Clearco,141137
2022-06,Clutch,141137
2022-06,Coinbase,141137
2022-06,Community,141137
2022-06,Compass,141137
2022-06,Convoy,141137
2022-06,Crejo.Fun,141137
2022-06,Crypto.com,141137
2022-06,Cue,141137
2022-06,Curve,141137
2022-06,Cybereason,141137
2022-06,"Daniel Wellington",141137
2022-06,"Deep Instinct",141137
2022-06,Degreed,141137
2022-06,"Desktop Metal",141137
2022-06,Dutchie,141137
2022-06,Eaze,141137
2022-06,Ebanx,141137
2022-06,Elementor,141137
2022-06,Enjoy,141137
2022-06,Envato,141137
2022-06,Eruditus,141137
2022-06,Esper,141137
2022-06,"Ethos Life",141137
2022-06,FarEye,141137
2022-06,Favo,141137
2022-06,"Finite State",141137
2022-06,"Finleap Connect",141137
2022-06,Food52,141137
2022-06,Freetrade,141137
2022-06,Frubana,141137
2022-06,Gather,141137
2022-06,Gavelytics,141137
2022-06,Gemini,141137
2022-06,HealthMatch,141137
2022-06,Hologram,141137
2022-06,HomeLight,141137
2022-06,Hunty,141137
2022-06,Huobi,141137
2022-06,ID.me,141137
2022-06,Impala,141137
2022-06,"iPrice Group",141137
2022-06,IRL,141137
2022-06,IronNet,141137
2022-06,Jellysmack,141137
2022-06,JetClosing,141137
2022-06,JOKR,141137
2022-06,Kaodim,141137
2022-06,Kavak,141137
2022-06,KiwiCo,141137
2022-06,Kune,141137
2022-06,Loom,141137
2022-06,Lummo,141137
2022-06,MasterClass,141137
2022-06,Memmo,141137
2022-06,Nate,141137
2022-06,Netflix,141137
2022-06,Niantic,141137
2022-06,Notarize,141137
2022-06,"Nova Benefits",141137
2022-06,OneTrust,141137
2022-06,OpenWeb,141137
2022-06,Orchard,141137
2022-06,"Oye Rickshaw",141137
2022-06,"Parallel Wireless",141137
2022-06,PharmEasy,141137
2022-06,Pipl,141137
2022-06,PolicyGenius,141137
2022-06,Postscript,141137
2022-06,Preply,141137
2022-06,Propzy,141137
2022-06,Qumulo,141137
2022-06,Redfin,141137
2022-06,Ritual,141137
2022-06,Ro,141137
2022-06,Rows,141137
2022-06,Rupeek,141137
2022-06,SafeGraph,141137
2022-06,Sami,141137
2022-06,Sanar,141137
2022-06,Sendoso,141137
2022-06,Shef,141137
2022-06,Side,141137
2022-06,"Sidecar Health",141137
2022-06,Skillshare,141137
2022-06,Snyk,141137
2022-06,Socure,141137
2022-06,Sonder,141137
2022-06,Sourcegraph,141137
2022-06,Sprinklr,141137
2022-06,Starship,141137
2022-06,"Stash Financial",141137
2022-06,Stashaway,141137
2022-06,"Stitch Fix",141137
2022-06,StockX,141137
2022-06,Stord,141137
2022-06,Stream,141137
2022-06,StreamElements,141137
2022-06,Studio,141137
2022-06,Substack,141137
2022-06,SummerBio,141137
2022-06,Sundae,141137
2022-06,Sunday,141137
2022-06,Superhuman,141137
2022-06,SuperLearn,141137
2022-06,Superpedestrian,141137
2022-06,Swappie,141137
2022-06,Swyft,141137
2022-06,TaskUs,141137
2022-06,Tesla,141137
2022-06,"The Grommet",141137
2022-06,TIFIN,141137
2022-06,TomTom,141137
2022-06,Tonkean,141137
2022-06,Toppr,141137
2022-06,Trax,141137
2022-06,Tray.io,141137
2022-06,"Truck It In",141137
2022-06,Truepill,141137
2022-06,Udaan,141137
2022-06,Udayy,141137
2022-06,UiPath,141137
2022-06,"Una Brands",141137
2022-06,Unacademy,141137
2022-06,Unity,141137
2022-06,Vezeeta,141137
2022-06,Voi,141137
2022-06,"Volt Bank",141137
2022-06,Voly,141137
2022-06,Vouch,141137
2022-06,"Voyage SMS",141137
2022-06,"Wave Sports and Entertainment",141137
2022-06,Wealthsimple,141137
2022-06,Weee!,141137
2022-06,"WhiteHat Jr",141137
2022-06,Yojak,141137
2022-06,Ziroom,141137
2022-06,Zumper,141137
2022-07,"100 Thieves",157360
2022-07,2U,157360
2022-07,98point6,157360
2022-07,Adwerx,157360
2022-07,Airlift,157360
2022-07,Alice,157360
2022-07,Allbirds,157360
2022-07,Anodot,157360
2022-07,AppGate,157360
2022-07,Arc,157360
2022-07,"Argo AI",157360
2022-07,Arrival,157360
2022-07,Aspire,157360
2022-07,Babylon,157360
2022-07,"Bamboo Health",157360
2022-07,Bizzabo,157360
2022-07,Blockchain.com,157360
2022-07,BlueStacks,157360
2022-07,"Boosted Commerce",157360
2022-07,"Bright Money",157360
2022-07,Bryter,157360
2022-07,Bullish,157360
2022-07,"Butler Hospitality",157360
2022-07,Calibrate,157360
2022-07,"Callisto Media",157360
2022-07,Canoo,157360
2022-07,Capsule,157360
2022-07,"Career Karma",157360
2022-07,Cedar,157360
2022-07,Celsius,157360
2022-07,Change.org,157360
2022-07,Chessable,157360
2022-07,ChowNow,157360
2022-07,"Clarify Health",157360
2022-07,Clearco,157360
2022-07,Coinsquare,157360
2022-07,Dover,157360
2022-07,Emotive,157360
2022-07,eToro,157360
2022-07,Eucalyptus,157360
2022-07,Fabric,157360
2022-07,Fiverr,157360
2022-07,Flyhomes,157360
2022-07,Forma.ai,157360
2022-07,Forward,157360
2022-07,Fraazo,157360
2022-07,Freshly,157360
2022-07,Gatherly,157360
2022-07,Gemini,157360
2022-07,Gopuff,157360
2022-07,Gorillas,157360
2022-07,Heroes,157360
2022-07,Hopin,157360
2022-07,Hubilo,157360
2022-07,Hydrow,157360
2022-07,Ignite,157360
2022-07,Immutable,157360
2022-07,"Imperfect Foods",157360
2022-07,"Included Health",157360
2022-07,InDebted,157360
2022-07,Introhive,157360
2022-07,InVision,157360
2022-07,Invitae,157360
2022-07,Involves,157360
2022-07,"Just Eat Takeaway",157360
2022-07,Kiavi,157360
2022-07,Laybuy,157360
2022-07,Lendis,157360
2022-07,Lightricks,157360
2022-07,Loft,157360
2022-07,Lunchbox,157360
2022-07,Lusha,157360
2022-07,Lyft,157360
2022-07,M1,157360
2022-07,McMakler,157360
2022-07,Metigy,157360
2022-07,Metromile,157360
2022-07,"Next Insurance",157360
2022-07,NextRoll,157360
2022-07,Nuro,157360
2022-07,Ola,157360
2022-07,Olive,157360
2022-07,OpenSea,157360
2022-07,Outbrain,157360
2022-07,Outschool,157360
2022-07,"PACT Pharma",157360
2022-07,Papa,157360
2022-07,"Pear Therapeutics",157360
2022-07,Project44,157360
2022-07,PuduTech,157360
2022-07,Quantcast,157360
2022-07,Quanto,157360
2022-07,"Rad Power Bikes",157360
2022-07,RealSelf,157360
2022-07,Remote,157360
2022-07,Ribbon,157360
2022-07,Rivian,157360
2022-07,SellerX,157360
2022-07,Sendle,157360
2022-07,"Shelf Engine",157360
2022-07,Sherpa,157360
2022-07,Shopify,157360
2022-07,Skai,157360
2022-07,Soluto,157360
2022-07,Splice,157360
2022-07,SQream,157360
2022-07,Stint,157360
2022-07,StyleSeat,157360
2022-07,SundaySky,157360
2022-07,Syte,157360
2022-07,Teleport,157360
2022-07,TextNow,157360
2022-07,"The Mom Project",157360
2022-07,Thimble,157360
2022-07,Tonal,157360
2022-07,"Transmit Security",157360
2022-07,Turntide,157360
2022-07,"Unstoppable Domains",157360
2022-07,Varo,157360
2022-07,Vee,157360
2022-07,Verbit,157360
2022-07,Vimeo,157360
2022-07,"Vox Media",157360
2022-07,WanderJaunt,157360
2022-07,Wave,157360
2022-07,WHOOP,157360
2022-07,Workstream,157360
2022-07,Yabonza,157360
2022-07,Zego,157360
2022-07,Zencity,157360
2022-07,Zepto,157360
2022-07,Zymergen,157360
2022-08,"10X Genomics",170415
2022-08,54gene,170415
2022-08,Absci,170415
2022-08,AlayaCare,170415
2022-08,Amperity,170415
2022-08,Anywell,170415
2022-08,"Apartment List",170415
2022-08,Argyle,170415
2022-08,Article,170415
2022-08,Artnight,170415
2022-08,"Berkeley Lights",170415
2022-08,Betterfly,170415
2022-08,"Beyond Meat",170415
2022-08,Blend,170415
2022-08,"Butterfly Network",170415
2022-08,Calm,170415
2022-08,Clari,170415
2022-08,ContraFect,170415
2022-08,"Core Scientific",170415
2022-08,"Daily Harvest",170415
2022-08,DailyPay,170415
2022-08,DataRobot,170415
2022-08,Doma,170415
2022-08,Dooly,170415
2022-08,Edmodo,170415
2022-08,Electric,170415
2022-08,Expert360,170415
2022-08,Fluke,170415
2022-08,FourKites,170415
2022-08,FreshDirect,170415
2022-08,Genesis,170415
2022-08,Glossier,170415
2022-08,GoHealth,170415
2022-08,GoodRx,170415
2022-08,Groupon,170415
2022-08,Guidewire,170415
2022-08,Hash,170415
2022-08,Haus,170415
2022-08,Healthcare.com,170415
2022-08,"Hippo Insurance",170415
2022-08,Hodlnaut,170415
2022-08,Homeward,170415
2022-08,Hootsuite,170415
2022-08,"Immersive Labs",170415
2022-08,Impact.com,170415
2022-08,iRobot,170415
2022-08,"Jam City",170415
2022-08,Kaltura,170415
2022-08,Koo,170415
2022-08,Labelbox,170415
2022-08,Latch,170415
2022-08,LEAD,170415
2022-08,Linktree,170415
2022-08,Loggi,170415
2022-08,"Loja Integrada",170415
2022-08,Loop,170415
2022-08,MadeiraMadeira,170415
2022-08,Malwarebytes,170415
2022-08,Marketforce,170415
2022-08,Medly,170415
2022-08,Meesho,170415
2022-08,Mejuri,170415
2022-08,Melio,170415
2022-08,"Mr. Yum",170415
2022-08,Nate,170415
2022-08,"New Relic",170415
2022-08,Nomad,170415
2022-08,NSO,170415
2022-08,Nutanix,170415
2022-08,Nylas,170415
2022-08,Okta,170415
2022-08,"On Deck",170415
2022-08,Outreach,170415
2022-08,Packable,170415
2022-08,Peloton,170415
2022-08,"Perceptive Automata",170415
2022-08,Perion,170415
2022-08,Permutive,170415
2022-08,Plato,170415
2022-08,Pliops,170415
2022-08,Pollen,170415
2022-08,Puppet,170415
2022-08,Q4,170415
2022-08,Quanterix,170415
2022-08,Reali,170415
2022-08,RenoRun,170415
2022-08,RingCentral,170415
2022-08,Robinhood,170415
2022-08,Seegrid,170415
2022-08,Sema4,170415
2022-08,Sendy,170415
2022-08,ShipBob,170415
2022-08,Shogun,170415
2022-08,ShopX,170415
2022-08,Skedulo,170415
2022-08,Smava,170415
2022-08,Snap,170415
2022-08,Snapdocs,170415
2022-08,SoundCloud,170415
2022-08,Stedi,170415
2022-08,Stripe,170415
2022-08,Swyftx,170415
2022-08,Talkwalker,170415
2022-08,TCR2,170415
2022-08,"Tempo Automation",170415
2022-08,"The Org",170415
2022-08,"The Predictive Index",170415
2022-08,"The Wing",170415
2022-08,"Thirty Madison",170415
2022-08,ThredUp,170415
2022-08,"Tier Mobility",170415
2022-08,Truepill,170415
2022-08,Trybe,170415
2022-08,Tufin,170415
2022-08,Uberflip,170415
2022-08,Unbounce,170415
2022-08,"Vedanta Biosciences",170415
2022-08,Vedantu,170415
2022-08,Vendasta,170415
2022-08,Vroom,170415
2022-08,"Warby Parker",170415
2022-08,Warren,170415
2022-08,Wayfair,170415
2022-08,Weedmaps,170415
2022-08,Wheel,170415
2022-08,Wix,170415
2022-08,Woven,170415
2022-08,Zendesk,170415
2022-08,Zenius,170415
2022-08,Zymergen,170415
2022-09,2TM,176296
2022-09,99,176296
2022-09,Acast,176296
2022-09,Ada,176296
2022-09,"Amber Group",176296
2022-09,BigBear.ai,176296
2022-09,Bitrise,176296
2022-09,"Brave Care",176296
2022-09,Brighte,176296
2022-09,Carsome,176296
2022-09,Checkout.com,176296
2022-09,Clear,176296
2022-09,CommonBond,176296
2022-09,Compass,176296
2022-09,Compete,176296
2022-09,Curative,176296
2022-09,Demandbase,176296
2022-09,"Divvy Homes",176296
2022-09,DocuSign,176296
2022-09,Flowhub,176296
2022-09,Foodpanda,176296
2022-09,Foxtrot,176296
2022-09,FullStory,176296
2022-09,"Genome Medical",176296
2022-09,GoStudent,176296
2022-09,Hedvig,176296
2022-09,Infarm,176296
2022-09,Innovaccer,176296
2022-09,Intercom,176296
2022-09,"Juniper Square",176296
2022-09,Karbon,176296
2022-09,"Kitty Hawk",176296
2022-09,Klarna,176296
2022-09,Konfio,176296
2022-09,Kuda,176296
2022-09,Lawgeex,176296
2022-09,"Lido Learning",176296
2022-09,LivePerson,176296
2022-09,Made.com,176296
2022-09,Medium,176296
2022-09,Medly,176296
2022-09,"Mode Analytics",176296
2022-09,Moss,176296
2022-09,Mux,176296
2022-09,Netflix,176296
2022-09,NextRoll,176296
2022-09,NYDIG,176296
2022-09,Ola,176296
2022-09,Ouster,176296
2022-09,Pastel,176296
2022-09,Patreon,176296
2022-09,Pendo,176296
2022-09,Pesto,176296
2022-09,Pitch,176296
2022-09,"Pomelo Fashion",176296
2022-09,Propzy,176296
2022-09,Quicko,176296
2022-09,"Rent the Runway",176296
2022-09,Rubius,176296
2022-09,Rupeek,176296
2022-09,Shopify,176296
2022-09,"Simple Feast",176296
2022-09,SkipTheDishes,176296
2022-09,Solarisbank,176296
2022-09,Spin,176296
2022-09,Taboola,176296
2022-09,TrueLayer,176296
2022-09,Truiloo,176296
2022-09,Twilio,176296
2022-09,Uber,176296
2022-09,"Urban Sports Club",176296
2022-09,"Vesalius Therapeutics",176296
2022-09,VideoAmp,176296
2022-09,Volta,176296
2022-09,Westwing,176296
2022-09,WorkRamp,176296
2022-09,Zappos,176296
2022-10,6sense,193702
2022-10,8x8,193702
2022-10,ActiveCampaign,193702
2022-10,"Ada Health",193702
2022-10,Advata,193702
2022-10,Amazon,193702
2022-10,"Antidote Health",193702
2022-10,"Argo AI",193702
2022-10,AtoB,193702
2022-10,"Beyond Meat",193702
2022-10,BioMarin,193702
2022-10,Brex,193702
2022-10,"Built In",193702
2022-10,Byju's,193702
2022-10,"Callisto Media",193702
2022-10,Cerebral,193702
2022-10,"Clear Capital",193702
2022-10,Crypto.com,193702
2022-10,Cybereason,193702
2022-10,Dukaan,193702
2022-10,Elinvar,193702
2022-10,Embroker,193702
2022-10,Equitybee,193702
2022-10,EquityZen,193702
2022-10,F5,193702
2022-10,Faire,193702
2022-10,"Fifth Season",193702
2022-10,Fivetran,193702
2022-10,Flipboard,193702
2022-10,"Flux Systems",193702
2022-10,"Foresight Insurance",193702
2022-10,FrontRow,193702
2022-10,Fundbox,193702
2022-10,GoFundMe,193702
2022-10,GoNuts,193702
2022-10,Gopuff,193702
2022-10,HelloFresh,193702
2022-10,Homie,193702
2022-10,Hotmart,193702
2022-10,"Impossible Foods",193702
2022-10,InfoSum,193702
2022-10,Khoros,193702
2022-10,Kry,193702
2022-10,Landing,193702
2022-10,Lattice,193702
2022-10,Leafly,193702
2022-10,Linkfire,193702
2022-10,Loom,193702
2022-10,McMakler,193702
2022-10,MindBody,193702
2022-10,Momentive,193702
2022-10,MX,193702
2022-10,Noom,193702
2022-10,Notarize,193702
2022-10,Nuri,193702
2022-10,Nyriad,193702
2022-10,OrCam,193702
2022-10,Pacaso,193702
2022-10,"Pavilion Data",193702
2022-10,Peloton,193702
2022-10,Philips,193702
2022-10,Playdots,193702
2022-10,Qin1,193702
2022-10,Recharge,193702
2022-10,"Redesign Health",193702
2022-10,RenoRun,193702
2022-10,Rev.com,193702
2022-10,Roofstock,193702
2022-10,"Sales Boomerang",193702
2022-10,Salesforce,193702
2022-10,Sinch,193702
2022-10,Sketch,193702
2022-10,Snyk,193702
2022-10,Springlane,193702
2022-10,Starry,193702
2022-10,Synapsica,193702
2022-10,Tiendanube,193702
2022-10,Turnitin,193702
2022-10,TwinStrand,193702
2022-10,Udacity,193702
2022-10,Unico,193702
2022-10,Vee,193702
2022-10,Volta,193702
2022-10,WazirX,193702
2022-10,Xendit,193702
2022-10,"Zeus Living",193702
2022-10,Zillow,193702
2022-10,Zoomo,193702
2022-11,&Open,247153
2022-11,Affirm,247153
2022-11,Ajaib,247153
2022-11,Amazon,247153
2022-11,"Apollo Insurance",247153
2022-11,ApplyBoard,247153
2022-11,"Argo AI",247153
2022-11,Asana,247153
2022-11,Assure,247153
2022-11,Astra,247153
2022-11,AvantStay,247153
2022-11,Avast,247153
2022-11,"Benitago Group",247153
2022-11,Bitfront,247153
2022-11,BitMEX,247153
2022-11,Bitso,247153
2022-11,Blend,247153
2022-11,BlockFi,247153
2022-11,Booking.com,247153
2022-11,Brainly,247153
2022-11,Brightline,247153
2022-11,Cameo,247153
2022-11,"Candy Digital",247153
2022-11,Capitolis,247153
2022-11,CaptivateIQ,247153
2022-11,Cardlytics,247153
2022-11,Carvana,247153
2022-11,Carwow,247153
2022-11,"Change Invest",247153
2022-11,Chargebee,247153
2022-11,Checkmarx,247153
2022-11,"Chili Piper",247153
2022-11,Chime,247153
2022-11,Cisco,247153
2022-11,CloudFactory,247153
2022-11,Cloudinary,247153
2022-11,Code42,247153
2022-11,Codexis,247153
2022-11,Coinbase,247153
2022-11,CoinJar,247153
2022-11,D2L,247153
2022-11,Dance,247153
2022-11,"Dapper Labs",247153
2022-11,"Deliveroo Australia",247153
2022-11,"Delivery Hero",247153
2022-11,Devo,247153
2022-11,"Digital Currency Gruop",247153
2022-11,Dock,247153
2022-11,"Domino Data Lab",247153
2022-11,DoorDash,247153
2022-11,Drop,247153
2022-11,Elastic,247153
2022-11,Etermax,247153
2022-11,EverBridge,247153
2022-11,Exodus,247153
2022-11,"Faze Medicines",247153
2022-11,Firework,247153
2022-11,Flyhomes,247153
2022-11,Forto,247153
2022-11,Gem,247153
2022-11,GloriFi,247153
2022-11,Gokada,247153
2022-11,GoodGood,247153
2022-11,"GoTo Group",247153
2022-11,Grin,247153
2022-11,"Happy Money",247153
2022-11,HighRadius,247153
2022-11,Hirect,247153
2022-11,Homepoint,247153
2022-11,Homeward,247153
2022-11,Hootsuite,247153
2022-11,Hopin,247153
2022-11,iFit,247153
2022-11,Illumina,247153
2022-11,Infarm,247153
2022-11,InfluxData,247153
2022-11,Intercom,247153
2022-11,"Iron Ox",247153
2022-11,Jimdo,247153
2022-11,Jumia,247153
2022-11,Juni,247153
2022-11,Juul,247153
2022-11,Kabam,247153
2022-11,Kandji,247153
2022-11,Kite,247153
2022-11,Kitopi,247153
2022-11,Koho,247153
2022-11,KoinWorks,247153
2022-11,Kraken,247153
2022-11,Lemon,247153
2022-11,LendingTree,247153
2022-11,Liftoff,247153
2022-11,LiveRamp,247153
2022-11,Lokalise,247153
2022-11,Lyft,247153
2022-11,Lyst,247153
2022-11,MessageBird,247153
2022-11,Meta,247153
2022-11,"Morning Brew",247153
2022-11,"Mythical Games",247153
2022-11,Namogoo,247153
2022-11,NanoString,247153
2022-11,NCX,247153
2022-11,Nestcoin,247153
2022-11,"Nirvana Money",247153
2022-11,Nuro,247153
2022-11,Ocavu,247153
2022-11,Oda,247153
2022-11,Offerpad,247153
2022-11,OfferUp,247153
2022-11,Opendoor,247153
2022-11,Oracle,247153
2022-11,Orchard,247153
2022-11,Outside,247153
2022-11,OwnBackup,247153
2022-11,"Pear Therapeutics",247153
2022-11,Pipedrive,247153
2022-11,Planetly,247153
2022-11,Pleo,247153
2022-11,Plerk,247153
2022-11,Plum,247153
2022-11,Productboard,247153
2022-11,Properly,247153
2022-11,Protocol,247153
2022-11,Quidax,247153
2022-11,Redfin,247153
2022-11,"Repertoire Immune Medicines",247153
2022-11,ResearchGate,247153
2022-11,Ribbon,247153
2022-11,RingCentral,247153
2022-11,Roku,247153
2022-11,"Root Insurance",247153
2022-11,"Rubicon Technologies",247153
2022-11,Rubius,247153
2022-11,SADA,247153
2022-11,Salesforce,247153
2022-11,Salsify,247153
2022-11,Sana,247153
2022-11,"Science 37",247153
2022-11,Sema4,247153
2022-11,SendCloud,247153
2022-11,Shippo,247153
2022-11,SimilarWeb,247153
2022-11,SIRCLO,247153
2022-11,Smava,247153
2022-11,Snapdocs,247153
2022-11,SoundHound,247153
2022-11,Splyt,247153
2022-11,StoryBlocks,247153
2022-11,Stripe,247153
2022-11,StudySmarter,247153
2022-11,SWVL,247153
2022-11,Symend,247153
2022-11,Synthego,247153
2022-11,"Tapps Games",247153
2022-11,Teachmint,247153
2022-11,TealBook,247153
2022-11,"The Zebra",247153
2022-11,Thread,247153
2022-11,Trax,247153
2022-11,Tricida,247153
2022-11,Twiga,247153
2022-11,Twitter,247153
2022-11,UalÃ¡,247153
2022-11,Udaan,247153
2022-11,UiPath,247153
2022-11,Ula,247153
2022-11,Unacademy,247153
2022-11,"Unchained Capital",247153
2022-11,Upstart,247153
2022-11,Varonis,247153
2022-11,Veev,247153
2022-11,Vendease,247153
2022-11,"VerSe Innovation",247153
2022-11,Viber,247153
2022-11,Wavely,247153
2022-11,Wayflyer,247153
2022-11,"Western Digital",247153
2022-11,Whispir,247153
2022-11,"Wildlife Studios",247153
2022-11,Wistia,247153
2022-11,Wonder,247153
2022-11,Yotpo,247153
2022-11,Zendesk,247153
2022-11,Zomato,247153
2022-12,Adobe,257482
2022-12,Airtable,257482
2022-12,Alice,257482
2022-12,Apollo,257482
2022-12,"Aqua Security",257482
2022-12,Armis,257482
2022-12,"Back Market",257482
2022-12,Bakkt,257482
2022-12,Balto,257482
2022-12,BigCommerce,257482
2022-12,Bilibili,257482
2022-12,Bizzabo,257482
2022-12,BlackLine,257482
2022-12,BloomTech,257482
2022-12,"Blue Apron",257482
2022-12,Bridgit,257482
2022-12,Briza,257482
2022-12,Brodmann17,257482
2022-12,Buser,257482
2022-12,BuzzFeed,257482
2022-12,Bybit,257482
2022-12,C2FO,257482
2022-12,Carousell,257482
2022-12,"Chipper Cash",257482
2022-12,Chope,257482
2022-12,ChowNow,257482
2022-12,Chrono24,257482
2022-12,CircleCI,257482
2022-12,Cognyte,257482
2022-12,CyCognito,257482
2022-12,DataRails,257482
2022-12,"Digital Surge",257482
2022-12,Doma,257482
2022-12,Edgio,257482
2022-12,Element,257482
2022-12,Freshly,257482
2022-12,Freshworks,257482
2022-12,Glints,257482
2022-12,GoStudent,257482
2022-12,Grover,257482
2022-12,Headspace,257482
2022-12,HealthifyMe,257482
2022-12,Homebot,257482
2022-12,Houzz,257482
2022-12,Improbable,257482
2022-12,Inscripta,257482
2022-12,"Integral Ad Science",257482
2022-12,Intel,257482
2022-12,JD.ID,257482
2022-12,Koinly,257482
2022-12,"Komodo Health",257482
2022-12,LeafLink,257482
2022-12,Lendis,257482
2022-12,Lev,257482
2022-12,Lithic,257482
2022-12,Loft,257482
2022-12,"Lora DiCarlo",257482
2022-12,"Modern Treasury",257482
2022-12,Motive,257482
2022-12,Nerdy,257482
2022-12,Netlify,257482
2022-12,Nextiva,257482
2022-12,"Octopus Network",257482
2022-12,OneFootball,257482
2022-12,OneStudyTeam,257482
2022-12,Otonomo,257482
2022-12,Outschool,257482
2022-12,OYO,257482
2022-12,PayU,257482
2022-12,"Perimeter 81",257482
2022-12,Plaid,257482
2022-12,Playtika,257482
2022-12,Pluralsight,257482
2022-12,Podium,257482
2022-12,Polly,257482
2022-12,Primer,257482
2022-12,Qualcomm,257482
2022-12,"Quanergy Systems",257482
2022-12,Reach,257482
2022-12,"Recur Forever",257482
2022-12,Relativity,257482
2022-12,Revelate,257482
2022-12,Sayurbox,257482
2022-12,"Share Now",257482
2022-12,ShareChat,257482
2022-12,SonderMind,257482
2022-12,Springbig,257482
2022-12,"SQZ Biotech",257482
2022-12,Stash,257482
2022-12,Strava,257482
2022-12,Swiggy,257482
2022-12,Swyftx,257482
2022-12,Synlogic,257482
2022-12,TechTarget,257482
2022-12,Thumbtack,257482
2022-12,Tomorrow,257482
2022-12,TuSimple,257482
2022-12,Vanta,257482
2022-12,Vedantu,257482
2022-12,Viant,257482
2022-12,Voi,257482
2022-12,Weedmaps,257482
2022-12,Willow,257482
2022-12,Workmotion,257482
2022-12,Xentral,257482
2022-12,YourGrocer,257482
2022-12,ZenLedger,257482
2022-12,Zhihu,257482
2022-12,Zoopla,257482
2022-12,Zuora,257482
2023-01,#Paid,342196
2023-01,"80 Acres Farms",342196
2023-01,8x8,342196
2023-01,Addepar,342196
2023-01,Aiven,342196
2023-01,"Akili Labs",342196
2023-01,Amazon,342196
2023-01,Amdocs,342196
2023-01,"American Robotics",342196
2023-01,"Arch Oncology",342196
2023-01,Arrival,342196
2023-01,Astronomer,342196
2023-01,Attentive,342196
2023-01,AU10TIX,342196
2023-01,Augury,342196
2023-01,"Bally's Interactive",342196
2023-01,Beamery,342196
2023-01,Benevity,342196
2023-01,Betterfly,342196
2023-01,BharatAgri,342196
2023-01,BitTorrent,342196
2023-01,"Black Shark",342196
2023-01,Blend,342196
2023-01,Blockchain.com,342196
2023-01,"BM Technologies",342196
2023-01,Bolt,342196
2023-01,Bonterra,342196
2023-01,Booktopia,342196
2023-01,Bounce,342196
2023-01,Britishvolt,342196
2023-01,"Butterfly Network",342196
2023-01,ByteDance,342196
2023-01,"Camp K12",342196
2023-01,"Capital One",342196
2023-01,"Captain Fresh",342196
2023-01,"Carbon Health",342196
2023-01,"Career Karma",342196
2023-01,Carta,342196
2023-01,"Cashfree Payments",342196
2023-01,Chrono24,342196
2023-01,Citizen,342196
2023-01,"Citrine Informatics",342196
2023-01,Citrix,342196
2023-01,"Clear Capital",342196
2023-01,ClearCo,342196
2023-01,Clue,342196
2023-01,Clutch,342196
2023-01,CoachHub,342196
2023-01,Coinbase,342196
2023-01,CoinDCX,342196
2023-01,CoinTracker,342196
2023-01,Confluent,342196
2023-01,ConsenSys,342196
2023-01,"Corvus Insurance",342196
2023-01,Crypto.com,342196
2023-01,"CS Disco",342196
2023-01,Cue,342196
2023-01,"Cyteir Therapeutics",342196
2023-01,DealShare,342196
2023-01,"Definitive Healthcare",342196
2023-01,DeHaat,342196
2023-01,"Delivery Hero",342196
2023-01,DriveWealth,342196
2023-01,Dunzo,342196
2023-01,"Earth Rides",342196
2023-01,Edifecs,342196
2023-01,"Editas Medicine",342196
2023-01,Embark,342196
2023-01,Enjoei,342196
2023-01,Ermetic,342196
2023-01,Esper,342196
2023-01,Everlane,342196
2023-01,Exotel,342196
2023-01,"Fate Therapeutics",342196
2023-01,Flexport,342196
2023-01,ForeScout,342196
2023-01,Gemini,342196
2023-01,Genesis,342196
2023-01,Gitpod,342196
2023-01,Glovo,342196
2023-01,GoBolt,342196
2023-01,Gokada,342196
2023-01,GoMechanic,342196
2023-01,Google,342196
2023-01,Gramophone,342196
2023-01,Greenlight,342196
2023-01,Groupon,342196
2023-01,"Guardant Health",342196
2023-01,Harappa,342196
2023-01,HashiCorp,342196
2023-01,Heycar,342196
2023-01,Hootsuite,342196
2023-01,Hubilo,342196
2023-01,HubSpot,342196
2023-01,Huobi,342196
2023-01,Hydrow,342196
2023-01,IBM,342196
2023-01,Ignition,342196
2023-01,"Impossible Foods copy",342196
2023-01,Informatica,342196
2023-01,Inmobi,342196
2023-01,Innovaccer,342196
2023-01,Innovid,342196
2023-01,Inspirato,342196
2023-01,Intel,342196
2023-01,Intrinsic,342196
2023-01,Jellyfish,342196
2023-01,Jumio,342196
2023-01,Jumpcloud,342196
2023-01,Kaltura,342196
2023-01,Karat,342196
2023-01,"Lam Research",342196
2023-01,Lantern,342196
2023-01,Lattice,342196
2023-01,LEAD,342196
2023-01,"Lending Club",342196
2023-01,Life360,342196
2023-01,"Lightspeed Commerce",342196
2023-01,Limeade,342196
2023-01,LiveVox,342196
2023-01,"Lucid Diagnostics",342196
2023-01,Luno,342196
2023-01,"Luxury Presence",342196
2023-01,Magnite,342196
2023-01,Mapbox,342196
2023-01,Matrixport,342196
2023-01,"Me Poupe",342196
2023-01,MediBuddy,342196
2023-01,Microsoft,342196
2023-01,"Minute Media",342196
2023-01,"Mode Global",342196
2023-01,Moglix,342196
2023-01,"Mojo Vision",342196
2023-01,Mudafy,342196
2023-01,Namogoo,342196
2023-01,"National Instruments",342196
2023-01,nCino,342196
2023-01,NetApp,342196
2023-01,"OFFOR Health",342196
2023-01,Ola,342196
2023-01,"OLX Group",342196
2023-01,OpenText,342196
2023-01,Paddle,342196
2023-01,Pagaya,342196
2023-01,PagBank,342196
2023-01,PagerDuty,342196
2023-01,PagSeguro,342196
2023-01,Parler,342196
2023-01,PartnerStack,342196
2023-01,PayPal,342196
2023-01,"Pecan AI",342196
2023-01,Pegasystems,342196
2023-01,Personalis,342196
2023-01,Personetics,342196
2023-01,Philips,342196
2023-01,Pier,342196
2023-01,"Plus One Robotics",342196
2023-01,"Prime Trust",342196
2023-01,Prisma,342196
2023-01,Prosus,342196
2023-01,Proterra,342196
2023-01,Qualtrics,342196
2023-01,"Quantum SI",342196
2023-01,"Rebel Foods",342196
2023-01,Redbubble,342196
2023-01,Relevel,342196
2023-01,RingCentral,342196
2023-01,"Riot Games",342196
2023-01,"Rock Content",342196
2023-01,Ruggable,342196
2023-01,Saks.com,342196
2023-01,Salesforce,342196
2023-01,SAP,342196
2023-01,"Scale AI",342196
2023-01,Scoro,342196
2023-01,Shakepay,342196
2023-01,ShareChat,342196
2023-01,Shutterfly,342196
2023-01,SirionLabs,342196
2023-01,Skit.ai,342196
2023-01,SmartNews,342196
2023-01,Snappy,342196
2023-01,Socure,342196
2023-01,"Software AG",342196
2023-01,Sophos,342196
2023-01,SoundHound,342196
2023-01,Spotify,342196
2023-01,SSense,342196
2023-01,Starry,342196
2023-01,"Stitch Fix",342196
2023-01,StreamElements,342196
2023-01,SuperRare,342196
2023-01,Swiggy,342196
2023-01,Synopsys,342196
2023-01,TCR2,342196
2023-01,"Teladoc Health",342196
2023-01,Thinkific,342196
2023-01,"Tier Mobility",342196
2023-01,"Till Payments",342196
2023-01,"Tilting Point",342196
2023-01,Tipalti,342196
2023-01,Tul,342196
2023-01,"Twine Solutions",342196
2023-01,Twitter,342196
2023-01,"Uber Freight",342196
2023-01,Unico,342196
2023-01,Uniphore,342196
2023-01,Unity,342196
2023-01,UpScalio,342196
2023-01,Upstart,342196
2023-01,Vacasa,342196
2023-01,Venngage,342196
2023-01,Verily,342196
2023-01,Vial,342196
2023-01,Vimeo,342196
2023-01,"Vox Media",342196
2023-01,Vroom,342196
2023-01,WalkMe,342196
2023-01,Wallbox,342196
2023-01,Wayfair,342196
2023-01,Wefox,342196
2023-01,WeWork,342196
2023-01,WHOOP,342196
2023-01,Wish,342196
2023-01,Workday,342196
2023-01,Wyre,342196
2023-01,Yext,342196
2023-02,Affirm,378689
2023-02,Amount,378689
2023-02,Appgate,378689
2023-02,Articulate,378689
2023-02,Autodesk,378689
2023-02,Baraja,378689
2023-02,Bark,378689
2023-02,"Beam Benefits",378689
2023-02,Betterment,378689
2023-02,BitSight,378689
2023-02,Bittrex,378689
2023-02,Bolt,378689
2023-02,"Bustle Digital Group",378689
2023-02,Byju's,378689
2023-02,Casavo,378689
2023-02,Catch.com.au,378689
2023-02,Cerebral,378689
2023-02,Chainalysis,378689
2023-02,"Chipper Cash",378689
2023-02,Clari,378689
2023-02,"Collective Health",378689
2023-02,CommerceHub,378689
2023-02,Crunchyroll,378689
2023-02,Cyren,378689
2023-02,"Dapper Labs",378689
2023-02,Daraz,378689
2023-02,Deliveroo,378689
2023-02,Dell,378689
2023-02,DigitalOcean,378689
2023-02,DocuSign,378689
2023-02,DraftKings,378689
2023-02,Drift,378689
2023-02,"DUX Education",378689
2023-02,"Eat Just",378689
2023-02,eBay,378689
2023-02,Electric,378689
2023-02,"Electronic Arts",378689
2023-02,"EMX Digital",378689
2023-02,Equitybee,378689
2023-02,Ericsson,378689
2023-02,"Ethos Life",378689
2023-02,Eventbrite,378689
2023-02,Evernote,378689
2023-02,EVgo,378689
2023-02,Exterro,378689
2023-02,FarEye,378689
2023-02,Finder,378689
2023-02,Fipola,378689
2023-02,Fireblocks,378689
2023-02,"Frequency Therapeutics",378689
2023-02,Getaround,378689
2023-02,Getir,378689
2023-02,GitHub,378689
2023-02,GitLab,378689
2023-02,GoDaddy,378689
2023-02,Gong,378689
2023-02,Gusto,378689
2023-02,HackerEarth,378689
2023-02,Highspot,378689
2023-02,HP,378689
2023-02,Immutable,378689
2023-02,iRobot,378689
2023-02,Jellysmack,378689
2023-02,"Jounce Therapeutics",378689
2023-02,Kinde,378689
2023-02,Koho,378689
2023-02,Kyruus,378689
2023-02,LearnUpon,378689
2023-02,Lightico,378689
2023-02,Locomation,378689
2023-02,Loggi,378689
2023-02,"Lucira Health",378689
2023-02,"Magic Eden",378689
2023-02,MariaDB,378689
2023-02,"Match Group",378689
2023-02,Medallia,378689
2023-02,Medly,378689
2023-02,Merative,378689
2023-02,MeridianLink,378689
2023-02,Messari,378689
2023-02,Milkrun,378689
2023-02,Mindstrong,378689
2023-02,Miro,378689
2023-02,"Misfits Market",378689
2023-02,Moladin,378689
2023-02,Momentive,378689
2023-02,MyGate,378689
2023-02,"NCC Group",378689
2023-02,NCSoft,378689
2023-02,Nearmap,378689
2023-02,Neon,378689
2023-02,"Nomad Health",378689
2023-02,Okta,378689
2023-02,"Olive AI",378689
2023-02,OneFootball,378689
2023-02,Openpay,378689
2023-02,Oportun,378689
2023-02,Outreach,378689
2023-02,Palantir,378689
2023-02,PetLove,378689
2023-02,PhableCare,378689
2023-02,"Pico Interactive",378689
2023-02,Pinterest,378689
2023-02,"Pocket Aces",378689
2023-02,Polygon,378689
2023-02,Poshmark,378689
2023-02,"Protocol Labs",378689
2023-02,"REE Automotive",378689
2023-02,"Rigetti Computing",378689
2023-02,Rivian,378689
2023-02,Salesloft,378689
2023-02,"Sana Benefits",378689
2023-02,"SAP Labs",378689
2023-02,SecureWorks,378689
2023-02,ServiceTitan,378689
2023-02,Smartsheet,378689
2023-02,Snowplow,378689
2023-02,"Sono Motors",378689
2023-02,Splunk,378689
2023-02,Sprinklr,378689
2023-02,Stax,378689
2023-02,StrongDM,378689
2023-02,Stytch,378689
2023-02,Synamedia,378689
2023-02,Tackle,378689
2023-02,TaskUs,378689
2023-02,Tencent,378689
2023-02,"The Iconic",378689
2023-02,"The RealReal",378689
2023-02,TheSkimm,378689
2023-02,"TikTok India",378689
2023-02,TripleLift,378689
2023-02,Twilio,378689
2023-02,Twitter,378689
2023-02,Udemy,378689
2023-02,"Velodyne Lidar",378689
2023-02,Veriff,378689
2023-02,VerticalScope,378689
2023-02,"Vibrent Health",378689
2023-02,"Vicarious Surgical",378689
2023-02,"VinFast US",378689
2023-02,WeTrade,378689
2023-02,Wheel,378689
2023-02,Wix,378689
2023-02,Workato,378689
2023-02,Yahoo,378689
2023-02,Zoom,378689
2023-03,Airbnb,383159
2023-03,Alerzo,383159
2023-03,"Ambev Tech",383159
2023-03,Atlassian,383159
2023-03,CNET,383159
2023-03,"Color Health",383159
2023-03,"Embark Trucks",383159
2023-03,Fittr,383159
2023-03,iFood,383159
2023-03,Kandela,383159
2023-03,Lendi,383159
2023-03,Loft,383159
2023-03,MasterClass,383159
2023-03,PayFit,383159
2023-03,"Protego Trust Bank",383159
2023-03,SiriusXM,383159
2023-03,Sonder,383159
2023-03,Thoughtworks,383159
2023-03,UpGrad,383159
2023-03,UserTesting,383159
2023-03,Waymo,383159
2023-03,Yellow.ai,383159
2023-03,Zscaler,383159
